study_hours,attendance,actual_score,predicted_score
2,65,45,52.41698113207546
6,85,74,73.74905660377358
3,63,52,52.04433962264151
4,70,55,59.00754716981132
